{
  "NN_P2": {
    "n": [
      3,
      4,
      5
    ],
    "rel_error": [
      [
        0.0031585088391069527,
        0.004551231356885404,
        0.004258260183651736,
        0.02697281888672685,
        0.006589137685523644
      ],
      [
        0.015011085727410714,
        0.018874950131967428,
        0.11553993325687834,
        0.08690220224130007,
        0.049530183006980366
      ],
      [
        0.005484872700693806,
        0.027616561361096813,
        0.013555863109846127,
        0.037012854434737105,
        0.03508176670956698
      ]
    ],
    "fidelity": [
      [
        0.979436019534099,
        0.9914750235485645,
        0.993150670582517,
        0.9605372060398211,
        0.9937059806335573
      ],
      [
        0.9801306168765146,
        0.9662726098603223,
        0.2030682665736335,
        0.7946607600354264,
        0.8428613139835522
      ],
      [
        0.9893488638000882,
        0.95513394987748,
        0.967385451188792,
        0.9175432394747446,
        0.9164130183754629
      ]
    ],
    "n_gates": [
      [
        38,
        50,
        15,
        50,
        50
      ],
      [
        50,
        27,
        30,
        50,
        34
      ],
      [
        38,
        50,
        42,
        50,
        50
      ]
    ]
  },
  "P2": {
    "n": [
      3,
      4,
      5
    ],
    "rel_error": [
      [
        0.005919912789430839,
        0.002858319914335626,
        0.002760608092072811,
        0.00065265022123529,
        0.0017792090838610198
      ],
      [
        0.0025132921242138327,
        0.01160415855131445,
        0.012182504314365416,
        0.002159908692554672,
        0.013905562907788145
      ],
      [
        0.0035169258019038785,
        0.008660460971702788,
        0.003283566150965676,
        0.025272695476019943,
        0.011373291580468205
      ]
    ],
    "fidelity": [
      [
        0.9570940463390759,
        0.9837871471333114,
        0.9949474243646893,
        0.9989240531753775,
        0.9977006911034231
      ],
      [
        0.9963225818909013,
        0.9756375464418381,
        0.8775757809795185,
        0.9966987629377854,
        0.9553392103873046
      ],
      [
        0.9944081194587058,
        0.9825303055465897,
        0.9926233377357548,
        0.9319930484860797,
        0.970355222368907
      ]
    ],
    "n_gates": [
      [
        50,
        22,
        21,
        18,
        20
      ],
      [
        50,
        50,
        50,
        47,
        50
      ],
      [
        49,
        50,
        43,
        50,
        50
      ]
    ]
  }
}