{
  "critical": {
    "n": [
      4,
      5,
      6
    ],
    "rel_error": [
      0.001155164223074069,
      0.0027606793671225683,
      0.004325061236337411
    ],
    "infidelity": [
      0.0012855203361095136,
      0.0039427364040010016,
      0.011146660928580743
    ],
    "n_gates": [
      9,
      19,
      21
    ]
  },
  "gapped": {
    "n": [
      4,
      5,
      6
    ],
    "rel_error": [
      0.00048468877080042917,
      0.0006230434761224108,
      0.0006856151043484625
    ],
    "infidelity": [
      0.0005917253502019104,
      0.0009989145912036035,
      0.0013537733600634816
    ],
    "n_gates": [
      4,
      6,
      7
    ]
  }
}