{
  "critical": {
    "n": [
      4,
      5,
      6,
      7,
      8,
      9,
      10
    ],
    "rel_error": [
      0.001155164223074069,
      0.0027606793671225683,
      0.004325061236337411,
      0.005793780043322777,
      0.006563727702013042,
      0.007887129132605834,
      0.008183729498763162
    ],
    "infidelity": [
      0.0012855203361095136,
      0.0039427364040010016,
      0.011146660928580743,
      0.021742511789736296,
      0.030711454918924797,
      0.043105281998653155,
      0.05436089847954262
    ],
    "n_gates": [
      9,
      19,
      21,
      26,
      33,
      39,
      44
    ]
  },
  "gapped": {
    "n": [
      4,
      5,
      6,
      7,
      8,
      9,
      10
    ],
    "rel_error": [
      0.00048468877080042917,
      0.0006230434761224108,
      0.0006856151043484625,
      0.0007341132124858627,
      0.000782008585051827,
      0.0008255743661775333,
      0.0008427966835836438
    ],
    "infidelity": [
      0.0005917253502019104,
      0.0009989145912036035,
      0.0013537733600634816,
      0.0017247673783388207,
      0.0021372444947688196,
      0.002561459146431466,
      0.0029078237171344945
    ],
    "n_gates": [
      4,
      6,
      7,
      9,
      10,
      12,
      13
    ]
  }
}